Argument,Stable Semantics,Preferred Semantics,Grounded Semantics,Running Time
0,True,True,True,0.45681142807006836
1,True,True,True,0.45681142807006836
2,True,True,True,0.45681142807006836
3,True,True,True,0.45681142807006836
4,True,True,True,0.45681142807006836
5,True,True,True,0.45681142807006836
6,True,True,True,0.45681142807006836
